"parameter","units","c","Ea"
"Gamma_star","micromol mol^(-1)",14.1271842410648,26.0038851874699
"Kc","micromol mol^(-1)",42.3821704993945,90.4762601430278
"Ko","mmol mol^(-1)",12.784257768155,16.5650822025287
